{"pos":{"x":-13.127915382385254,"y":0.0021938681602478029,"z":37.44449996948242},"rot":{"x":0.0,"y":71.31710815429688,"z":0.0},"name":"123","id":123,"speed":1.1299999952316285,"level":0,"power":0}