{"pos":{"x":18.973247528076173,"y":0.002196192741394043,"z":13.17448616027832},"rot":{"x":0.0,"y":117.40076446533203,"z":0.0},"name":"123","id":123,"speed":1.1299999952316285,"level":0,"power":0}